iter	Logloss
0	0.6844930085
10	0.614758232
20	0.5697291452
30	0.5380912258
40	0.515425053
50	0.4979451313
60	0.4837378384
70	0.4715127589
80	0.4602493577
90	0.4507530792
99	0.440961682
